id,full_name,email,password_hash,role_id,department_id,phone,profile_image,created_at,updated_at
b6a4eee0-af07-42c7-a4a1-0f1b8990de68,Elias Abebe,elias.abebe0@mint.gov.et,"$argon2id$v=19$m=65536,t=3,p=4$fakehash",955613c2-d127-4086-b9b2-ffe89817ae70,3818c2d7-672c-4930-8758-7cc6d964da5a,,,2025-10-26 15:19:20.925,2026-03-19 15:19:20.926
b5ce1893-7522-414b-ae10-6914691d340c,Tsion Bekele,tsion.bekele1@mint.gov.et,"$argon2id$v=19$m=65536,t=3,p=4$fakehash",955613c2-d127-4086-b9b2-ffe89817ae70,27948d27-bcea-43b8-909b-6a87feeb5edd,,,2026-02-02 15:19:20.932,2026-03-19 15:19:20.932
7b9d52ce-df59-4754-b4c4-b7ba26d12dbc,Bethel Negash,bethel.negash2@mint.gov.et,"$argon2id$v=19$m=65536,t=3,p=4$fakehash",955613c2-d127-4086-b9b2-ffe89817ae70,3818c2d7-672c-4930-8758-7cc6d964da5a,,,2025-03-22 15:19:20.935,2026-03-19 15:19:20.935
544f6cd5-5878-402f-9adf-570847a79696,Meron Abebe,meron.abebe3@mint.gov.et,"$argon2id$v=19$m=65536,t=3,p=4$fakehash",955613c2-d127-4086-b9b2-ffe89817ae70,3818c2d7-672c-4930-8758-7cc6d964da5a,,,2025-07-16 15:19:20.939,2026-03-19 15:19:20.939
e3842d3b-61c1-4097-bc78-5052a269e064,Rediet Tesfaye,rediet.tesfaye4@mint.gov.et,"$argon2id$v=19$m=65536,t=3,p=4$fakehash",955613c2-d127-4086-b9b2-ffe89817ae70,27948d27-bcea-43b8-909b-6a87feeb5edd,,,2025-08-18 15:19:20.941,2026-03-19 15:19:20.941
c029ea2d-2f55-4b11-8d50-7f9289803c42,Yonas Alemayehu,yonas.alemayehu5@mint.gov.et,"$argon2id$v=19$m=65536,t=3,p=4$fakehash",955613c2-d127-4086-b9b2-ffe89817ae70,97620893-ee39-4901-a743-aedd8e8bb36b,,,2026-01-08 15:19:20.945,2026-03-19 15:19:20.945
874cceda-d069-4356-a666-dae3f04f8f0b,Samuel Berhanu,samuel.berhanu6@mint.gov.et,"$argon2id$v=19$m=65536,t=3,p=4$fakehash",955613c2-d127-4086-b9b2-ffe89817ae70,27948d27-bcea-43b8-909b-6a87feeb5edd,,,2026-01-25 15:19:20.948,2026-03-19 15:19:20.948
5d877a2c-fecd-4d52-b60c-027c8ce709d2,Kidist Tesfaye,kidist.tesfaye7@mint.gov.et,"$argon2id$v=19$m=65536,t=3,p=4$fakehash",955613c2-d127-4086-b9b2-ffe89817ae70,97620893-ee39-4901-a743-aedd8e8bb36b,,,2025-03-29 15:19:20.951,2026-03-19 15:19:20.951
dac76df2-ffa2-457e-9a2d-424bcd283830,Kalkidan Dereje,kalkidan.dereje8@mint.gov.et,"$argon2id$v=19$m=65536,t=3,p=4$fakehash",955613c2-d127-4086-b9b2-ffe89817ae70,27948d27-bcea-43b8-909b-6a87feeb5edd,,,2025-04-12 15:19:20.953,2026-03-19 15:19:20.953
4fac1881-cc71-495d-a004-d77eca388801,Girma Tekle,girma.tekle9@mint.gov.et,"$argon2id$v=19$m=65536,t=3,p=4$fakehash",955613c2-d127-4086-b9b2-ffe89817ae70,b87998f2-9f1e-40ad-93ae-6e19654f8a8e,,,2025-10-28 15:19:20.955,2026-03-19 15:19:20.955
9e9a9a25-204b-4c05-b378-252fb40a0f16,Amanuel Girma,amanuel.girma10@mint.gov.et,"$argon2id$v=19$m=65536,t=3,p=4$fakehash",955613c2-d127-4086-b9b2-ffe89817ae70,27948d27-bcea-43b8-909b-6a87feeb5edd,,,2025-11-01 15:19:20.958,2026-03-19 15:19:20.958
a91dac93-377c-48e1-97b0-4eb3b61e53a3,Selam Tekle,selam.tekle11@mint.gov.et,"$argon2id$v=19$m=65536,t=3,p=4$fakehash",955613c2-d127-4086-b9b2-ffe89817ae70,3818c2d7-672c-4930-8758-7cc6d964da5a,,,2025-10-14 15:19:20.962,2026-03-19 15:19:20.962
c73880b0-8c40-4b5c-aae9-8d81004c8326,Lidya Mulatu,lidya.mulatu12@mint.gov.et,"$argon2id$v=19$m=65536,t=3,p=4$fakehash",955613c2-d127-4086-b9b2-ffe89817ae70,3818c2d7-672c-4930-8758-7cc6d964da5a,,,2025-06-02 15:19:20.965,2026-03-19 15:19:20.965
c208b9fc-90ea-44bd-bb94-e769a38d8ab2,Elias Hailu,elias.hailu13@mint.gov.et,"$argon2id$v=19$m=65536,t=3,p=4$fakehash",955613c2-d127-4086-b9b2-ffe89817ae70,97620893-ee39-4901-a743-aedd8e8bb36b,,,2025-04-18 15:19:20.968,2026-03-19 15:19:20.968
4a3adbd6-19d6-4408-91ca-63119a4d4218,Meseret Tekle,meseret.tekle14@mint.gov.et,"$argon2id$v=19$m=65536,t=3,p=4$fakehash",955613c2-d127-4086-b9b2-ffe89817ae70,b87998f2-9f1e-40ad-93ae-6e19654f8a8e,,,2026-02-12 15:19:20.970,2026-03-19 15:19:20.970
cf2986c4-d916-49b8-8af8-e907fca9b690,Rediet Tesfaye,rediet.tesfaye15@mint.gov.et,"$argon2id$v=19$m=65536,t=3,p=4$fakehash",955613c2-d127-4086-b9b2-ffe89817ae70,3818c2d7-672c-4930-8758-7cc6d964da5a,,,2025-06-30 15:19:20.972,2026-03-19 15:19:20.972
10eed5ff-8933-404e-aadb-5864f036e0ea,Hana Mekonnen,hana.mekonnen16@mint.gov.et,"$argon2id$v=19$m=65536,t=3,p=4$fakehash",b414f4cb-96b6-4b01-bff9-5e9a12acd119,50248c2a-a175-4037-ac04-7a4923ecde76,,,2025-03-27 15:19:20.974,2026-03-19 15:19:20.974
be351f36-e076-4db6-a66e-2b2c4b249567,Tsion Mekonnen,tsion.mekonnen17@mint.gov.et,"$argon2id$v=19$m=65536,t=3,p=4$fakehash",b414f4cb-96b6-4b01-bff9-5e9a12acd119,b87998f2-9f1e-40ad-93ae-6e19654f8a8e,,,2025-09-05 15:19:20.976,2026-03-19 15:19:20.976
fcfc943c-0c7c-4a90-a9dd-36120ff78e3f,Nahom Worku,nahom.worku18@mint.gov.et,"$argon2id$v=19$m=65536,t=3,p=4$fakehash",955613c2-d127-4086-b9b2-ffe89817ae70,b87998f2-9f1e-40ad-93ae-6e19654f8a8e,,,2026-01-08 15:19:20.979,2026-03-19 15:19:20.979
35a5a7a5-01cf-4c03-96fb-e04b29af61ac,Bisrat Alemayehu,bisrat.alemayehu19@mint.gov.et,"$argon2id$v=19$m=65536,t=3,p=4$fakehash",955613c2-d127-4086-b9b2-ffe89817ae70,3818c2d7-672c-4930-8758-7cc6d964da5a,,,2025-06-19 15:19:20.981,2026-03-19 15:19:20.981
d544ba73-9c39-40b8-96f0-dacf4c914d82,Tigist Kebede,tigist.kebede20@mint.gov.et,"$argon2id$v=19$m=65536,t=3,p=4$fakehash",b414f4cb-96b6-4b01-bff9-5e9a12acd119,3818c2d7-672c-4930-8758-7cc6d964da5a,,,2025-09-11 15:19:20.985,2026-03-19 15:19:20.985
b5dc73f3-d386-47b1-af5d-75e80b4e8ab7,Yared Tesfaye,yared.tesfaye21@mint.gov.et,"$argon2id$v=19$m=65536,t=3,p=4$fakehash",955613c2-d127-4086-b9b2-ffe89817ae70,27948d27-bcea-43b8-909b-6a87feeb5edd,,,2025-08-28 15:19:20.987,2026-03-19 15:19:20.987
49594c00-b1d0-498a-b817-a7211fcb2f37,Kidist Abebe,kidist.abebe22@mint.gov.et,"$argon2id$v=19$m=65536,t=3,p=4$fakehash",955613c2-d127-4086-b9b2-ffe89817ae70,27948d27-bcea-43b8-909b-6a87feeb5edd,,,2025-10-23 15:19:20.989,2026-03-19 15:19:20.989
7bb8482a-941c-4fd3-ba41-cca1c440a836,Rediet Bekele,rediet.bekele23@mint.gov.et,"$argon2id$v=19$m=65536,t=3,p=4$fakehash",955613c2-d127-4086-b9b2-ffe89817ae70,50248c2a-a175-4037-ac04-7a4923ecde76,,,2025-06-14 15:19:20.991,2026-03-19 15:19:20.991
d7ce9a4e-ab23-4058-9ed7-04f8a8377e0d,Henok Berhanu,henok.berhanu24@mint.gov.et,"$argon2id$v=19$m=65536,t=3,p=4$fakehash",955613c2-d127-4086-b9b2-ffe89817ae70,97620893-ee39-4901-a743-aedd8e8bb36b,,,2025-07-24 15:19:20.992,2026-03-19 15:19:20.992
60055c90-72ab-406c-88e8-6ec240e43d64,Tigist Assefa,tigist.assefa25@mint.gov.et,"$argon2id$v=19$m=65536,t=3,p=4$fakehash",955613c2-d127-4086-b9b2-ffe89817ae70,97620893-ee39-4901-a743-aedd8e8bb36b,,,2026-01-21 15:19:20.994,2026-03-19 15:19:20.995
2de5ebdf-3cc8-4789-ba23-39749abc265a,Dawit Worku,dawit.worku26@mint.gov.et,"$argon2id$v=19$m=65536,t=3,p=4$fakehash",955613c2-d127-4086-b9b2-ffe89817ae70,b87998f2-9f1e-40ad-93ae-6e19654f8a8e,,,2025-07-03 15:19:20.998,2026-03-19 15:19:20.998
88d0cb02-6bcb-4a1d-a8f3-497be5527524,Meron Tekle,meron.tekle27@mint.gov.et,"$argon2id$v=19$m=65536,t=3,p=4$fakehash",955613c2-d127-4086-b9b2-ffe89817ae70,27948d27-bcea-43b8-909b-6a87feeb5edd,,,2025-07-06 15:19:21.001,2026-03-19 15:19:21.001
1713704d-bca8-4eef-bfe3-26e07ab2b811,Abel Bekele,abel.bekele28@mint.gov.et,"$argon2id$v=19$m=65536,t=3,p=4$fakehash",b414f4cb-96b6-4b01-bff9-5e9a12acd119,3818c2d7-672c-4930-8758-7cc6d964da5a,,,2025-11-24 15:19:21.005,2026-03-19 15:19:21.006
ac238beb-9d9a-42f9-977c-7e968241ba59,Selam Tadesse,selam.tadesse29@mint.gov.et,"$argon2id$v=19$m=65536,t=3,p=4$fakehash",955613c2-d127-4086-b9b2-ffe89817ae70,27948d27-bcea-43b8-909b-6a87feeb5edd,,,2025-08-02 15:19:21.008,2026-03-19 15:19:21.008
5bc04554-35d1-466a-901e-bf6a4e02a811,Kirubel Eshetu,kirubel.eshetu30@mint.gov.et,"$argon2id$v=19$m=65536,t=3,p=4$fakehash",955613c2-d127-4086-b9b2-ffe89817ae70,50248c2a-a175-4037-ac04-7a4923ecde76,,,2025-10-29 15:19:21.012,2026-03-19 15:19:21.012
3189a985-4b72-42f8-b615-cd01c585ca88,Natan Tadesse,natan.tadesse31@mint.gov.et,"$argon2id$v=19$m=65536,t=3,p=4$fakehash",955613c2-d127-4086-b9b2-ffe89817ae70,97620893-ee39-4901-a743-aedd8e8bb36b,,,2025-06-05 15:19:21.015,2026-03-19 15:19:21.015
f1edb154-093c-41e3-91f6-c6ae72e63461,Hana Bekele,hana.bekele32@mint.gov.et,"$argon2id$v=19$m=65536,t=3,p=4$fakehash",955613c2-d127-4086-b9b2-ffe89817ae70,3818c2d7-672c-4930-8758-7cc6d964da5a,,,2025-07-26 15:19:21.019,2026-03-19 15:19:21.019
952f67ab-b948-48a4-8c56-abc73d5ef2d4,Meseret Tadesse,meseret.tadesse33@mint.gov.et,"$argon2id$v=19$m=65536,t=3,p=4$fakehash",955613c2-d127-4086-b9b2-ffe89817ae70,97620893-ee39-4901-a743-aedd8e8bb36b,,,2025-04-25 15:19:21.021,2026-03-19 15:19:21.021
d7e099b1-1ca7-4dac-b107-08f3c7106a60,Liya Dereje,liya.dereje34@mint.gov.et,"$argon2id$v=19$m=65536,t=3,p=4$fakehash",955613c2-d127-4086-b9b2-ffe89817ae70,50248c2a-a175-4037-ac04-7a4923ecde76,,,2025-06-28 15:19:21.023,2026-03-19 15:19:21.023
5a807382-4737-441b-9a14-a54fa18fd508,Robel Berhanu,robel.berhanu35@mint.gov.et,"$argon2id$v=19$m=65536,t=3,p=4$fakehash",653d6168-a9f2-4d83-88ab-49c654c671ec,27948d27-bcea-43b8-909b-6a87feeb5edd,,,2025-05-18 15:19:21.026,2026-03-19 15:19:21.026
0f1fbcba-a49d-4556-a38d-e89e2736f709,Ruth Bekele,ruth.bekele36@mint.gov.et,"$argon2id$v=19$m=65536,t=3,p=4$fakehash",b414f4cb-96b6-4b01-bff9-5e9a12acd119,50248c2a-a175-4037-ac04-7a4923ecde76,,,2025-09-25 15:19:21.028,2026-03-19 15:19:21.028
1b27cbc4-3a52-472a-b4f7-b711f90600ba,Tsion Mengistu,tsion.mengistu37@mint.gov.et,"$argon2id$v=19$m=65536,t=3,p=4$fakehash",955613c2-d127-4086-b9b2-ffe89817ae70,b87998f2-9f1e-40ad-93ae-6e19654f8a8e,,,2026-02-13 15:19:21.030,2026-03-19 15:19:21.030
0422ae3e-ed16-4148-bfb9-923969f0bcd6,Mahlet Tesfaye,mahlet.tesfaye38@mint.gov.et,"$argon2id$v=19$m=65536,t=3,p=4$fakehash",b414f4cb-96b6-4b01-bff9-5e9a12acd119,b87998f2-9f1e-40ad-93ae-6e19654f8a8e,,,2025-11-30 15:19:21.034,2026-03-19 15:19:21.034
d93d3174-edb5-47e5-a666-4760c8ae0feb,Rediet Kebede,rediet.kebede39@mint.gov.et,"$argon2id$v=19$m=65536,t=3,p=4$fakehash",955613c2-d127-4086-b9b2-ffe89817ae70,50248c2a-a175-4037-ac04-7a4923ecde76,,,2025-06-04 15:19:21.036,2026-03-19 15:19:21.036
1c6992ed-af51-4232-998b-23c8e70b652c,Daniel Gebre,daniel.gebre40@mint.gov.et,"$argon2id$v=19$m=65536,t=3,p=4$fakehash",955613c2-d127-4086-b9b2-ffe89817ae70,27948d27-bcea-43b8-909b-6a87feeb5edd,,,2026-02-16 15:19:21.039,2026-03-19 15:19:21.040
aaa931c2-2d7d-4680-957f-46e3ccf2979a,Girma Tekle,girma.tekle41@mint.gov.et,"$argon2id$v=19$m=65536,t=3,p=4$fakehash",955613c2-d127-4086-b9b2-ffe89817ae70,97620893-ee39-4901-a743-aedd8e8bb36b,,,2025-05-06 15:19:21.043,2026-03-19 15:19:21.043
a3b2735e-8f22-4d93-bf4d-bb98f0cd9572,Fikru Alemayehu,fikru.alemayehu42@mint.gov.et,"$argon2id$v=19$m=65536,t=3,p=4$fakehash",955613c2-d127-4086-b9b2-ffe89817ae70,50248c2a-a175-4037-ac04-7a4923ecde76,,,2025-04-25 15:19:21.045,2026-03-19 15:19:21.045
81f417cb-ce9d-4fa2-b08e-6f898e1edbeb,Nahom Assefa,nahom.assefa43@mint.gov.et,"$argon2id$v=19$m=65536,t=3,p=4$fakehash",b414f4cb-96b6-4b01-bff9-5e9a12acd119,27948d27-bcea-43b8-909b-6a87feeb5edd,,,2025-08-18 15:19:21.047,2026-03-19 15:19:21.047
d86195b9-4233-4cc6-865e-cb5795b5c8a9,Dawit Assefa,dawit.assefa44@mint.gov.et,"$argon2id$v=19$m=65536,t=3,p=4$fakehash",955613c2-d127-4086-b9b2-ffe89817ae70,97620893-ee39-4901-a743-aedd8e8bb36b,,,2025-04-06 15:19:21.049,2026-03-19 15:19:21.049
50cc7cdb-c012-453f-bd55-cfc143c04a1a,Solomon Abebe,solomon.abebe45@mint.gov.et,"$argon2id$v=19$m=65536,t=3,p=4$fakehash",955613c2-d127-4086-b9b2-ffe89817ae70,50248c2a-a175-4037-ac04-7a4923ecde76,,,2025-07-22 15:19:21.051,2026-03-19 15:19:21.051
a7f2d0e4-33af-48ec-867e-76744570364b,Sara Tadesse,sara.tadesse46@mint.gov.et,"$argon2id$v=19$m=65536,t=3,p=4$fakehash",b414f4cb-96b6-4b01-bff9-5e9a12acd119,3818c2d7-672c-4930-8758-7cc6d964da5a,,,2025-11-07 15:19:21.053,2026-03-19 15:19:21.053
391f2161-61af-44d4-8dbf-77347ef93bd9,Kidist Abebe,kidist.abebe47@mint.gov.et,"$argon2id$v=19$m=65536,t=3,p=4$fakehash",955613c2-d127-4086-b9b2-ffe89817ae70,97620893-ee39-4901-a743-aedd8e8bb36b,,,2025-09-02 15:19:21.055,2026-03-19 15:19:21.055
00db2a26-ced6-4f6a-b1e6-d2f71c5d8316,Ruth Mekonnen,ruth.mekonnen48@mint.gov.et,"$argon2id$v=19$m=65536,t=3,p=4$fakehash",955613c2-d127-4086-b9b2-ffe89817ae70,b87998f2-9f1e-40ad-93ae-6e19654f8a8e,,,2025-09-01 15:19:21.057,2026-03-19 15:19:21.057
43a0fe9d-2407-4be8-94db-299355410786,Hana Berhanu,hana.berhanu49@mint.gov.et,"$argon2id$v=19$m=65536,t=3,p=4$fakehash",653d6168-a9f2-4d83-88ab-49c654c671ec,50248c2a-a175-4037-ac04-7a4923ecde76,,,2026-01-29 15:19:21.058,2026-03-19 15:19:21.059
08451ca8-2fb6-45a5-8029-f7df481edc36,Natan Gebre,natan.gebre50@mint.gov.et,"$argon2id$v=19$m=65536,t=3,p=4$fakehash",955613c2-d127-4086-b9b2-ffe89817ae70,b87998f2-9f1e-40ad-93ae-6e19654f8a8e,,,2025-12-20 15:19:21.060,2026-03-19 15:19:21.060
6221c0e0-95ee-4508-9e61-519f6d8756e9,Tigist Abebe,tigist.abebe51@mint.gov.et,"$argon2id$v=19$m=65536,t=3,p=4$fakehash",955613c2-d127-4086-b9b2-ffe89817ae70,b87998f2-9f1e-40ad-93ae-6e19654f8a8e,,,2025-11-09 15:19:21.062,2026-03-19 15:19:21.062
cb2888ed-5460-4728-8b91-ed750b2268b5,Rediet Negash,rediet.negash52@mint.gov.et,"$argon2id$v=19$m=65536,t=3,p=4$fakehash",955613c2-d127-4086-b9b2-ffe89817ae70,27948d27-bcea-43b8-909b-6a87feeb5edd,,,2025-09-17 15:19:21.064,2026-03-19 15:19:21.064
fed73d8e-35f7-4d6b-bb34-2d886dc08287,Selam Mengistu,selam.mengistu53@mint.gov.et,"$argon2id$v=19$m=65536,t=3,p=4$fakehash",955613c2-d127-4086-b9b2-ffe89817ae70,3818c2d7-672c-4930-8758-7cc6d964da5a,,,2025-07-17 15:19:21.067,2026-03-19 15:19:21.067
6c752522-2c72-4ddb-92ad-62255221e64a,Robel Berhanu,robel.berhanu54@mint.gov.et,"$argon2id$v=19$m=65536,t=3,p=4$fakehash",955613c2-d127-4086-b9b2-ffe89817ae70,b87998f2-9f1e-40ad-93ae-6e19654f8a8e,,,2026-02-17 15:19:21.071,2026-03-19 15:19:21.071
04703585-1f4d-4f1e-8ef9-bdde517013c2,Lidya Negash,lidya.negash55@mint.gov.et,"$argon2id$v=19$m=65536,t=3,p=4$fakehash",955613c2-d127-4086-b9b2-ffe89817ae70,97620893-ee39-4901-a743-aedd8e8bb36b,,,2025-07-06 15:19:21.073,2026-03-19 15:19:21.073
bc9f4495-ac87-426a-b3fc-e9d762c9ccd6,Girma Bekele,girma.bekele56@mint.gov.et,"$argon2id$v=19$m=65536,t=3,p=4$fakehash",955613c2-d127-4086-b9b2-ffe89817ae70,b87998f2-9f1e-40ad-93ae-6e19654f8a8e,,,2025-08-30 15:19:21.077,2026-03-19 15:19:21.077
38a5d120-6011-446d-844c-78348325bf58,Nahom Worku,nahom.worku57@mint.gov.et,"$argon2id$v=19$m=65536,t=3,p=4$fakehash",955613c2-d127-4086-b9b2-ffe89817ae70,3818c2d7-672c-4930-8758-7cc6d964da5a,,,2026-02-05 15:19:21.079,2026-03-19 15:19:21.079
3dc13c7b-9a77-482d-97af-a9e9621cd826,Robel Bekele,robel.bekele58@mint.gov.et,"$argon2id$v=19$m=65536,t=3,p=4$fakehash",955613c2-d127-4086-b9b2-ffe89817ae70,b87998f2-9f1e-40ad-93ae-6e19654f8a8e,,,2025-11-10 15:19:21.081,2026-03-19 15:19:21.081
5db7d277-984a-486a-8b2c-9b5948345a6d,Fikru Abebe,fikru.abebe59@mint.gov.et,"$argon2id$v=19$m=65536,t=3,p=4$fakehash",b414f4cb-96b6-4b01-bff9-5e9a12acd119,27948d27-bcea-43b8-909b-6a87feeb5edd,,,2025-07-15 15:19:21.084,2026-03-19 15:19:21.084
43e96969-a200-4848-ab8c-e33011b79aea,Naod Tekle,naod.tekle60@mint.gov.et,"$argon2id$v=19$m=65536,t=3,p=4$fakehash",955613c2-d127-4086-b9b2-ffe89817ae70,3818c2d7-672c-4930-8758-7cc6d964da5a,,,2025-12-17 15:19:21.087,2026-03-19 15:19:21.087
4dc0f433-b40f-450f-ab5f-d6b81a23779b,Naod Alemayehu,naod.alemayehu61@mint.gov.et,"$argon2id$v=19$m=65536,t=3,p=4$fakehash",955613c2-d127-4086-b9b2-ffe89817ae70,97620893-ee39-4901-a743-aedd8e8bb36b,,,2025-04-10 15:19:21.089,2026-03-19 15:19:21.089
9a294617-64a1-44ee-8aff-7bbec1b6d97e,Girma Eshetu,girma.eshetu62@mint.gov.et,"$argon2id$v=19$m=65536,t=3,p=4$fakehash",955613c2-d127-4086-b9b2-ffe89817ae70,3818c2d7-672c-4930-8758-7cc6d964da5a,,,2025-03-28 15:19:21.093,2026-03-19 15:19:21.093
04316eb6-7108-4e8f-ad21-402bd71bc009,Meron Tekle,meron.tekle63@mint.gov.et,"$argon2id$v=19$m=65536,t=3,p=4$fakehash",955613c2-d127-4086-b9b2-ffe89817ae70,50248c2a-a175-4037-ac04-7a4923ecde76,,,2025-10-20 15:19:21.096,2026-03-19 15:19:21.096
be6d4ef9-3e24-4aa6-9581-fdcf554bf0ac,Daniel Hailu,daniel.hailu64@mint.gov.et,"$argon2id$v=19$m=65536,t=3,p=4$fakehash",955613c2-d127-4086-b9b2-ffe89817ae70,97620893-ee39-4901-a743-aedd8e8bb36b,,,2025-12-01 15:19:21.099,2026-03-19 15:19:21.099
a203669c-7093-4f11-a613-0eca13d0958f,Rediet Alemayehu,rediet.alemayehu65@mint.gov.et,"$argon2id$v=19$m=65536,t=3,p=4$fakehash",955613c2-d127-4086-b9b2-ffe89817ae70,27948d27-bcea-43b8-909b-6a87feeb5edd,,,2025-11-04 15:19:21.103,2026-03-19 15:19:21.103
a9df9181-3721-4a32-819e-ae3cbd3707d2,Abenezer Berhanu,abenezer.berhanu66@mint.gov.et,"$argon2id$v=19$m=65536,t=3,p=4$fakehash",955613c2-d127-4086-b9b2-ffe89817ae70,27948d27-bcea-43b8-909b-6a87feeb5edd,,,2025-08-21 15:19:21.106,2026-03-19 15:19:21.106
d4326384-2a6d-449c-b9a9-d8ba4a6bd781,Tsion Alemayehu,tsion.alemayehu67@mint.gov.et,"$argon2id$v=19$m=65536,t=3,p=4$fakehash",955613c2-d127-4086-b9b2-ffe89817ae70,3818c2d7-672c-4930-8758-7cc6d964da5a,,,2025-06-13 15:19:21.108,2026-03-19 15:19:21.108
7a3a9c11-6e7c-4787-bf8f-12e304cfe23d,Fasil Abebe,fasil.abebe68@mint.gov.et,"$argon2id$v=19$m=65536,t=3,p=4$fakehash",955613c2-d127-4086-b9b2-ffe89817ae70,97620893-ee39-4901-a743-aedd8e8bb36b,,,2025-11-25 15:19:21.110,2026-03-19 15:19:21.110
34e8dde8-ebdf-495f-81df-934a49797b36,Abenezer Mulatu,abenezer.mulatu69@mint.gov.et,"$argon2id$v=19$m=65536,t=3,p=4$fakehash",955613c2-d127-4086-b9b2-ffe89817ae70,27948d27-bcea-43b8-909b-6a87feeb5edd,,,2026-01-06 15:19:21.113,2026-03-19 15:19:21.113
2efa3ce3-3b7d-45a1-a621-4cd17a461aaa,Bereket Dereje,bereket.dereje70@mint.gov.et,"$argon2id$v=19$m=65536,t=3,p=4$fakehash",955613c2-d127-4086-b9b2-ffe89817ae70,3818c2d7-672c-4930-8758-7cc6d964da5a,,,2025-06-30 15:19:21.116,2026-03-19 15:19:21.116
b186f3f0-786f-4af3-8266-ed05dd0ae33e,Meron Gebre,meron.gebre71@mint.gov.et,"$argon2id$v=19$m=65536,t=3,p=4$fakehash",955613c2-d127-4086-b9b2-ffe89817ae70,27948d27-bcea-43b8-909b-6a87feeb5edd,,,2025-06-22 15:19:21.119,2026-03-19 15:19:21.119
050ee62b-b5ef-475c-ba3b-b3ccfc5d3938,Kidist Bekele,kidist.bekele72@mint.gov.et,"$argon2id$v=19$m=65536,t=3,p=4$fakehash",955613c2-d127-4086-b9b2-ffe89817ae70,27948d27-bcea-43b8-909b-6a87feeb5edd,,,2026-02-02 15:19:21.121,2026-03-19 15:19:21.121
43041815-e118-4049-a65c-928ce5079c0d,Abenezer Negash,abenezer.negash73@mint.gov.et,"$argon2id$v=19$m=65536,t=3,p=4$fakehash",955613c2-d127-4086-b9b2-ffe89817ae70,3818c2d7-672c-4930-8758-7cc6d964da5a,,,2025-06-20 15:19:21.123,2026-03-19 15:19:21.123
e41e510f-147e-43cb-9ff9-a884822442c7,Mahlet Assefa,mahlet.assefa74@mint.gov.et,"$argon2id$v=19$m=65536,t=3,p=4$fakehash",955613c2-d127-4086-b9b2-ffe89817ae70,b87998f2-9f1e-40ad-93ae-6e19654f8a8e,,,2025-12-21 15:19:21.126,2026-03-19 15:19:21.126
ef0ee256-9549-4d63-8087-6c16081bd5e6,Lidya Abebe,lidya.abebe75@mint.gov.et,"$argon2id$v=19$m=65536,t=3,p=4$fakehash",b414f4cb-96b6-4b01-bff9-5e9a12acd119,b87998f2-9f1e-40ad-93ae-6e19654f8a8e,,,2025-08-09 15:19:21.128,2026-03-19 15:19:21.128
f63ec813-3a1c-45d8-9b48-42a3485a1f8b,Liya Tesfaye,liya.tesfaye76@mint.gov.et,"$argon2id$v=19$m=65536,t=3,p=4$fakehash",955613c2-d127-4086-b9b2-ffe89817ae70,50248c2a-a175-4037-ac04-7a4923ecde76,,,2025-04-16 15:19:21.130,2026-03-19 15:19:21.130
eeabf25d-0b51-41f3-9790-3cde3dd052ce,Tsion Gebre,tsion.gebre77@mint.gov.et,"$argon2id$v=19$m=65536,t=3,p=4$fakehash",955613c2-d127-4086-b9b2-ffe89817ae70,27948d27-bcea-43b8-909b-6a87feeb5edd,,,2025-06-03 15:19:21.132,2026-03-19 15:19:21.132
35637bf2-1c66-4a9f-a7e5-c49114d0198b,Dawit Gebre,dawit.gebre78@mint.gov.et,"$argon2id$v=19$m=65536,t=3,p=4$fakehash",653d6168-a9f2-4d83-88ab-49c654c671ec,97620893-ee39-4901-a743-aedd8e8bb36b,,,2025-12-01 15:19:21.135,2026-03-19 15:19:21.135
60cf6a4d-37a6-4c2d-b6cb-dfd8618e50d6,Meron Negash,meron.negash79@mint.gov.et,"$argon2id$v=19$m=65536,t=3,p=4$fakehash",955613c2-d127-4086-b9b2-ffe89817ae70,b87998f2-9f1e-40ad-93ae-6e19654f8a8e,,,2025-06-15 15:19:21.138,2026-03-19 15:19:21.138
e7b32a95-c19b-4788-aabf-76c71f1b1bf5,Lidya Dereje,lidya.dereje80@mint.gov.et,"$argon2id$v=19$m=65536,t=3,p=4$fakehash",955613c2-d127-4086-b9b2-ffe89817ae70,3818c2d7-672c-4930-8758-7cc6d964da5a,,,2026-01-04 15:19:21.141,2026-03-19 15:19:21.141
277e987b-a059-4dec-af1f-ba96e3c6a85a,Henok Negash,henok.negash81@mint.gov.et,"$argon2id$v=19$m=65536,t=3,p=4$fakehash",955613c2-d127-4086-b9b2-ffe89817ae70,50248c2a-a175-4037-ac04-7a4923ecde76,,,2026-02-03 15:19:21.144,2026-03-19 15:19:21.144
b5ed048e-87ea-4e0e-b843-70a8c3800821,Kalkidan Assefa,kalkidan.assefa82@mint.gov.et,"$argon2id$v=19$m=65536,t=3,p=4$fakehash",955613c2-d127-4086-b9b2-ffe89817ae70,50248c2a-a175-4037-ac04-7a4923ecde76,,,2025-09-27 15:19:21.147,2026-03-19 15:19:21.147
eebf0298-9f3f-42bd-a1ef-02207c69ab72,Hermela Bekele,hermela.bekele83@mint.gov.et,"$argon2id$v=19$m=65536,t=3,p=4$fakehash",955613c2-d127-4086-b9b2-ffe89817ae70,97620893-ee39-4901-a743-aedd8e8bb36b,,,2025-06-12 15:19:21.150,2026-03-19 15:19:21.150
82b86e28-380b-49a1-b39f-71fe625a8c30,Yared Abebe,yared.abebe84@mint.gov.et,"$argon2id$v=19$m=65536,t=3,p=4$fakehash",955613c2-d127-4086-b9b2-ffe89817ae70,3818c2d7-672c-4930-8758-7cc6d964da5a,,,2025-07-25 15:19:21.154,2026-03-19 15:19:21.154
f90791e3-62d3-4448-832c-58e6a9b762c2,Samuel Eshetu,samuel.eshetu85@mint.gov.et,"$argon2id$v=19$m=65536,t=3,p=4$fakehash",955613c2-d127-4086-b9b2-ffe89817ae70,50248c2a-a175-4037-ac04-7a4923ecde76,,,2025-07-15 15:19:21.156,2026-03-19 15:19:21.156
efa4c015-3136-4a8c-9dcb-7986d2163674,Meron Mengistu,meron.mengistu86@mint.gov.et,"$argon2id$v=19$m=65536,t=3,p=4$fakehash",955613c2-d127-4086-b9b2-ffe89817ae70,27948d27-bcea-43b8-909b-6a87feeb5edd,,,2025-11-11 15:19:21.159,2026-03-19 15:19:21.160
17da070d-ea3d-4744-9ccd-9046906adc20,Hana Kebede,hana.kebede87@mint.gov.et,"$argon2id$v=19$m=65536,t=3,p=4$fakehash",955613c2-d127-4086-b9b2-ffe89817ae70,97620893-ee39-4901-a743-aedd8e8bb36b,,,2025-09-29 15:19:21.162,2026-03-19 15:19:21.162
23e3fae9-7ada-483a-95e6-5c38a7732942,Kidist Assefa,kidist.assefa88@mint.gov.et,"$argon2id$v=19$m=65536,t=3,p=4$fakehash",955613c2-d127-4086-b9b2-ffe89817ae70,27948d27-bcea-43b8-909b-6a87feeb5edd,,,2025-05-20 15:19:21.165,2026-03-19 15:19:21.165
3e9d43b0-6ccf-4d07-b4b6-d8ebe0641a77,Bereket Alemayehu,bereket.alemayehu89@mint.gov.et,"$argon2id$v=19$m=65536,t=3,p=4$fakehash",955613c2-d127-4086-b9b2-ffe89817ae70,3818c2d7-672c-4930-8758-7cc6d964da5a,,,2025-03-28 15:19:21.167,2026-03-19 15:19:21.167
99624f39-44a6-4f50-82a1-86b4498ab5d6,Henok Mengistu,henok.mengistu90@mint.gov.et,"$argon2id$v=19$m=65536,t=3,p=4$fakehash",955613c2-d127-4086-b9b2-ffe89817ae70,97620893-ee39-4901-a743-aedd8e8bb36b,,,2025-08-27 15:19:21.170,2026-03-19 15:19:21.170
15d57ad2-e066-4213-b0b4-c467cf783f82,Zewdu Tesfaye,zewdu.tesfaye91@mint.gov.et,"$argon2id$v=19$m=65536,t=3,p=4$fakehash",955613c2-d127-4086-b9b2-ffe89817ae70,97620893-ee39-4901-a743-aedd8e8bb36b,,,2025-06-11 15:19:21.171,2026-03-19 15:19:21.171
02e1836f-059b-4446-9db9-f58b83ab8285,Fikru Berhanu,fikru.berhanu92@mint.gov.et,"$argon2id$v=19$m=65536,t=3,p=4$fakehash",b414f4cb-96b6-4b01-bff9-5e9a12acd119,27948d27-bcea-43b8-909b-6a87feeb5edd,,,2025-10-13 15:19:21.173,2026-03-19 15:19:21.173
3e760ba7-bdbf-475b-96de-909113eab75f,Meseret Negash,meseret.negash93@mint.gov.et,"$argon2id$v=19$m=65536,t=3,p=4$fakehash",955613c2-d127-4086-b9b2-ffe89817ae70,b87998f2-9f1e-40ad-93ae-6e19654f8a8e,,,2025-08-07 15:19:21.176,2026-03-19 15:19:21.176
d34480a3-d6fa-4d5f-8525-7e6b8eca7dd1,Tigist Mengistu,tigist.mengistu94@mint.gov.et,"$argon2id$v=19$m=65536,t=3,p=4$fakehash",955613c2-d127-4086-b9b2-ffe89817ae70,27948d27-bcea-43b8-909b-6a87feeb5edd,,,2025-04-11 15:19:21.179,2026-03-19 15:19:21.179
cffaf07c-5e91-4c30-bf7f-63779a296454,Mahlet Bekele,mahlet.bekele95@mint.gov.et,"$argon2id$v=19$m=65536,t=3,p=4$fakehash",955613c2-d127-4086-b9b2-ffe89817ae70,3818c2d7-672c-4930-8758-7cc6d964da5a,,,2025-05-11 15:19:21.182,2026-03-19 15:19:21.182
4dac49cd-8b50-4478-bc29-4463456cc74f,Solomon Tekle,solomon.tekle96@mint.gov.et,"$argon2id$v=19$m=65536,t=3,p=4$fakehash",955613c2-d127-4086-b9b2-ffe89817ae70,97620893-ee39-4901-a743-aedd8e8bb36b,,,2025-09-21 15:19:21.184,2026-03-19 15:19:21.184
0eb813bd-3187-4f0c-9b28-012709bdd46c,Mikias Tekle,mikias.tekle97@mint.gov.et,"$argon2id$v=19$m=65536,t=3,p=4$fakehash",955613c2-d127-4086-b9b2-ffe89817ae70,3818c2d7-672c-4930-8758-7cc6d964da5a,,,2025-10-05 15:19:21.186,2026-03-19 15:19:21.186
4c40b937-f059-476c-ad8b-7720810c0e42,Kidist Hailu,kidist.hailu98@mint.gov.et,"$argon2id$v=19$m=65536,t=3,p=4$fakehash",b414f4cb-96b6-4b01-bff9-5e9a12acd119,3818c2d7-672c-4930-8758-7cc6d964da5a,,,2026-01-12 15:19:21.189,2026-03-19 15:19:21.189
4c699e1a-e949-4914-a420-0b295837f783,Nahom Negash,nahom.negash99@mint.gov.et,"$argon2id$v=19$m=65536,t=3,p=4$fakehash",955613c2-d127-4086-b9b2-ffe89817ae70,b87998f2-9f1e-40ad-93ae-6e19654f8a8e,,,2025-09-23 15:19:21.191,2026-03-19 15:19:21.191
